order_id,customer_id,order_date,region,category,quantity,unit_price,discount,payment_type,campaign_flag,order_value,returned
1,103,2022-11-01,North,Skincare,4,227.69,0,Card,1,910.76,1
2,271,2023-03-05,North,Haircare,1,317.61,10,Card,0,285.85,0
3,107,2023-04-22,North,Clothing,3,246.09,0,Wallet,0,738.27,0
4,72,2022-10-13,East,Haircare,1,137.58,5,Card,0,130.7,0
5,189,2022-05-24,East,Skincare,4,245.81,0,Card,0,983.24,1
6,21,2023-02-28,South,Haircare,1,386.33,20,COD,0,309.06,0
7,103,2022-01-19,North,Makeup,3,349.75,15,COD,1,891.86,0
8,122,2022-01-18,South,Electronics,1,245.04,15,UPI,0,208.28,0
9,215,2023-08-13,South,Haircare,2,326.12,0,Card,0,652.24,0
10,88,2023-01-06,South,Skincare,1,220.68,10,Card,0,198.61,0
11,100,2022-06-24,West,Haircare,1,113.69,0,Wallet,0,113.69,0
12,152,2022-07-13,North,Haircare,4,176.04,0,Card,0,704.16,0
13,131,2023-05-17,East,Makeup,4,375.03,0,COD,0,1500.12,0
14,150,2022-04-23,South,Oralcare,3,228.08,5,Wallet,0,650.03,0
15,258,2022-04-24,South,Skincare,2,230.53,0,Card,0,461.06,0
16,294,2022-08-10,East,Oralcare,3,226.01,5,COD,0,644.13,0
17,192,2023-11-09,East,Oralcare,1,402.33,0,COD,0,402.33,0
18,277,2023-10-06,West,Oralcare,1,380.08,0,Card,0,380.08,0
19,161,2022-09-21,North,Haircare,1,427.5,10,Wallet,0,384.75,0
20,22,2022-02-24,North,Haircare,2,237.28,0,Card,1,474.56,0
21,253,2023-10-05,East,Makeup,1,273.65,10,Card,0,246.28,0
22,236,2023-04-03,South,Oralcare,1,128.67,0,Card,0,128.67,0
23,49,2022-06-11,North,Skincare,2,368.15,10,Wallet,0,662.67,0
24,59,2023-01-15,North,Haircare,3,156.58,5,COD,0,446.25,0
25,170,2022-03-28,North,Skincare,1,267.34,0,Wallet,1,267.34,1
26,188,2022-02-24,West,Makeup,1,162.22,0,Card,0,162.22,0
27,271,2023-04-21,North,Haircare,1,202.89,5,Wallet,1,192.75,0
28,190,2022-06-27,South,Makeup,1,183.02,10,Card,1,164.72,0
29,175,2023-01-26,North,Oralcare,1,201.37,0,UPI,0,201.37,1
30,51,2022-12-15,South,Skincare,2,206.87,0,Card,0,413.74,0
31,55,2022-01-08,North,Makeup,2,206.14,15,Card,0,350.44,0
32,244,2022-11-09,South,Haircare,2,316.67,5,Card,0,601.67,0
33,131,2023-03-19,North,Makeup,1,161.61,0,UPI,0,161.61,0
34,135,2022-11-24,East,Skincare,3,267.64,0,Card,0,802.92,0
35,21,2022-02-23,North,Oralcare,1,347.44,0,UPI,0,347.44,0
36,167,2022-08-27,South,Makeup,1,208.94,5,Card,0,198.49,0
37,274,2022-08-17,West,Oralcare,3,192.57,0,Card,0,577.71,0
38,89,2023-08-02,East,Makeup,1,231.56,20,Wallet,1,185.25,0
39,14,2022-02-20,South,Skincare,1,344.38,0,COD,0,344.38,0
40,242,2023-09-01,South,Oralcare,3,265.53,0,COD,1,796.59,0
41,265,2023-08-27,South,Skincare,1,207.5,5,Card,0,197.12,0
42,53,2022-09-21,East,Makeup,2,288.71,15,Card,0,490.81,0
43,92,2023-02-22,West,Skincare,1,161.82,10,Card,0,145.64,0
44,264,2022-04-06,East,Skincare,2,304.51,0,Wallet,0,609.02,0
45,35,2022-03-29,South,Oralcare,1,282.69,10,Wallet,0,254.42,0
46,206,2022-03-19,East,Skincare,1,225.38,5,COD,0,214.11,0
47,81,2022-10-15,South,Oralcare,2,182.91,0,COD,1,365.82,1
48,50,2022-04-30,North,Electronics,1,179.07,0,Card,0,179.07,0
49,2,2023-05-06,South,Skincare,1,292.79,0,Wallet,0,292.79,0
50,54,2023-03-28,West,Electronics,1,348.32,0,UPI,1,348.32,0
51,106,2023-05-15,North,Skincare,1,199.02,15,UPI,0,169.17,0
52,260,2022-06-14,East,Clothing,1,286.67,0,Card,0,286.67,0
53,191,2022-07-01,North,Makeup,1,83.04,20,Card,0,66.43,0
54,218,2023-04-14,South,Oralcare,4,203.23,5,Card,1,772.27,1
55,44,2022-01-07,North,Haircare,1,247.52,5,Card,0,235.14,0
56,162,2022-11-26,South,Skincare,1,177.23,5,Card,0,168.37,0
57,202,2023-11-04,East,Haircare,1,175.08,0,Card,0,175.08,0
58,270,2022-05-31,South,Oralcare,1,196.58,0,Wallet,1,196.58,0
59,271,2022-03-26,East,Makeup,4,273.38,0,Card,0,1093.52,0
60,215,2022-05-27,East,Makeup,1,235.01,5,Card,1,223.26,0
61,252,2023-09-16,West,Oralcare,4,70.94,0,Card,0,283.76,0
62,190,2023-01-16,North,Oralcare,1,80.34,10,UPI,1,72.31,0
63,296,2023-07-02,South,Clothing,2,201.45,0,UPI,0,402.9,0
64,213,2022-10-12,North,Oralcare,2,286.61,0,Wallet,0,573.22,1
65,208,2023-12-01,West,Clothing,3,30.2,0,Card,1,90.6,0
66,237,2022-03-23,West,Oralcare,2,210.02,15,COD,0,357.03,0
67,53,2023-05-29,South,Skincare,2,207.9,10,Card,0,374.22,0
68,280,2023-12-10,West,Makeup,1,361.07,0,Card,0,361.07,0
69,217,2023-06-07,South,Oralcare,1,219.2,5,Card,0,208.24,0
70,252,2023-01-21,East,Haircare,4,280.64,0,Card,0,1122.56,0
71,188,2023-12-08,North,Makeup,1,261.3,20,Card,0,209.04,0
72,41,2023-04-16,East,Skincare,1,79.55,5,COD,0,75.57,0
73,157,2022-04-29,North,Clothing,3,311.46,0,Wallet,0,934.38,0
74,15,2023-01-31,West,Haircare,1,267.23,5,Card,0,253.87,0
75,65,2023-06-16,East,Skincare,4,290.66,0,COD,0,1162.64,0
76,9,2022-09-18,East,Haircare,2,564.1,20,Card,0,902.56,0
77,129,2022-09-13,North,Skincare,2,83.27,0,Card,0,166.54,0
78,136,2022-08-14,South,Skincare,3,387.98,5,Wallet,0,1105.74,0
79,63,2022-02-22,North,Skincare,1,227,0,Wallet,1,227,0
80,139,2023-05-15,South,Makeup,1,272.99,10,Card,0,245.69,0
81,81,2023-05-21,North,Oralcare,1,246.36,10,Card,1,221.72,0
82,163,2022-12-30,West,Skincare,1,216.06,5,Wallet,1,205.26,0
83,289,2022-10-07,South,Oralcare,2,204.41,5,UPI,1,388.38,0
84,261,2023-08-16,South,Electronics,4,276.36,15,Wallet,0,939.62,1
85,231,2023-12-15,South,Skincare,1,128.63,0,Card,1,128.63,0
86,41,2022-06-07,South,Oralcare,1,310.05,0,Card,1,310.05,0
87,28,2023-09-24,East,Haircare,4,216.7,0,Card,0,866.8,0
88,135,2022-02-28,South,Electronics,1,159.59,20,Card,0,127.67,0
89,201,2023-12-28,West,Skincare,1,214,0,COD,0,214,0
90,268,2022-05-08,South,Oralcare,1,350.57,10,Wallet,0,315.51,0
91,33,2023-12-22,West,Haircare,4,207.17,5,Card,0,787.25,0
92,48,2022-04-25,West,Skincare,2,278.68,0,UPI,0,557.36,0
93,62,2022-07-28,North,Makeup,3,191.52,0,Wallet,0,574.56,0
94,216,2023-06-10,West,Oralcare,3,310.63,0,Card,0,931.89,0
95,293,2023-06-05,North,Oralcare,1,304.84,0,UPI,0,304.84,0
96,99,2023-07-06,East,Skincare,1,397.89,0,UPI,0,397.89,0
97,172,2022-08-25,South,Haircare,3,235.95,0,UPI,1,707.85,0
98,214,2022-10-08,West,Skincare,1,303.49,15,Card,0,257.97,1
99,35,2022-12-25,West,Oralcare,3,257.85,20,Wallet,0,618.84,0
100,227,2022-07-20,East,Makeup,4,353.67,0,UPI,0,1414.68,0
101,101,2022-10-05,East,Electronics,2,192.49,0,Card,0,384.98,0
102,131,2022-08-23,South,Skincare,2,309.6,0,Card,1,619.2,1
103,257,2023-05-09,North,Skincare,3,234.42,5,UPI,1,668.1,0
104,5,2022-01-04,South,Makeup,3,244.86,10,Card,0,661.12,0
105,218,2023-10-28,North,Makeup,1,257.34,0,UPI,1,257.34,0
106,255,2023-03-18,East,Haircare,1,270.18,0,Wallet,0,270.18,0
107,283,2022-01-29,South,Skincare,1,240.7,10,Card,0,216.63,0
108,207,2022-04-19,West,Oralcare,2,267.18,5,Card,0,507.64,0
109,15,2023-09-02,East,Makeup,1,376.25,0,UPI,1,376.25,0
110,42,2023-12-28,West,Skincare,2,328.84,5,Card,0,624.8,0
111,179,2022-03-16,North,Skincare,1,319.53,0,Wallet,0,319.53,0
112,63,2022-05-26,West,Makeup,2,213.56,0,UPI,1,427.12,0
113,231,2022-05-08,West,Makeup,1,178.86,10,UPI,0,160.97,0
114,241,2022-02-11,South,Skincare,2,326.42,10,COD,0,587.56,0
115,52,2022-12-22,East,Haircare,2,320.08,0,Wallet,1,640.16,0
116,96,2022-02-10,East,Skincare,1,367.81,15,Card,0,312.64,0
117,222,2022-02-03,North,Haircare,1,201.68,0,COD,0,201.68,0
118,231,2022-01-17,South,Haircare,2,231.64,10,Wallet,0,416.95,0
119,237,2023-11-08,South,Makeup,1,118.84,0,Card,0,118.84,0
120,143,2022-06-02,North,Haircare,1,218.6,15,Card,0,185.81,0
121,171,2023-01-13,South,Clothing,4,329.73,15,UPI,0,1121.08,0
122,29,2023-08-11,North,Haircare,2,212.68,0,Card,0,425.36,0
123,36,2023-08-22,North,Oralcare,4,301.24,15,UPI,0,1024.22,0
124,13,2023-09-21,North,Skincare,1,234.76,10,Wallet,1,211.28,0
125,160,2022-12-08,West,Oralcare,1,275.92,10,Card,1,248.33,0
126,187,2022-01-27,South,Oralcare,3,158.18,0,Wallet,0,474.54,0
127,243,2022-10-14,West,Haircare,2,256.82,10,Card,0,462.28,0
128,86,2023-10-08,South,Clothing,2,20,15,Card,1,34,0
129,284,2022-06-17,South,Makeup,1,235.05,0,Wallet,0,235.05,0
130,66,2023-09-02,South,Makeup,1,119.56,20,Card,0,95.65,0
131,170,2022-09-25,South,Oralcare,1,346.48,0,UPI,1,346.48,0
132,45,2023-03-31,North,Oralcare,1,312.19,0,UPI,1,312.19,0
133,62,2023-11-16,East,Makeup,1,287.33,5,UPI,1,272.96,0
134,134,2023-02-05,North,Skincare,1,371.68,5,Card,0,353.1,0
135,284,2023-04-21,East,Makeup,4,174.09,5,Card,0,661.54,0
136,28,2023-12-03,East,Skincare,1,389.79,0,Wallet,0,389.79,0
137,108,2023-09-26,North,Oralcare,2,324.58,20,COD,0,519.33,0
138,44,2023-07-12,North,Haircare,3,231.08,0,UPI,0,693.24,0
139,286,2023-07-30,East,Skincare,2,340.85,0,UPI,0,681.7,0
140,128,2022-05-10,South,Skincare,1,161.5,0,Card,1,161.5,0
141,231,2022-12-29,North,Makeup,2,184.04,5,Card,1,349.68,0
142,190,2023-12-06,West,Skincare,2,201.31,15,Wallet,0,342.23,1
143,225,2023-11-24,North,Haircare,2,207.68,5,Card,1,394.59,0
144,283,2022-10-19,East,Clothing,3,165.48,10,Card,1,446.8,0
145,121,2023-01-06,West,Oralcare,4,347.85,0,COD,0,1391.4,0
146,116,2022-01-29,North,Makeup,2,229.29,5,Card,0,435.65,0
147,233,2022-05-29,North,Electronics,1,278.2,0,Card,0,278.2,0
148,259,2022-10-23,North,Oralcare,2,204.37,0,Card,0,408.74,0
149,198,2022-01-11,South,Oralcare,1,104.35,0,COD,0,104.35,0
150,137,2023-05-27,North,Haircare,3,271.6,5,Wallet,0,774.06,0
151,165,2023-11-07,East,Skincare,1,97.02,5,UPI,0,92.17,0
152,225,2022-04-23,North,Skincare,1,244.51,10,COD,0,220.06,1
153,234,2022-07-06,South,Makeup,3,140.53,0,Card,1,421.59,0
154,172,2022-08-15,West,Skincare,2,408.98,0,Wallet,0,817.96,1
155,152,2022-11-06,East,Skincare,1,322.91,5,Card,1,306.76,1
156,160,2022-04-08,East,Haircare,1,258.46,0,Card,0,258.46,0
157,96,2022-02-24,South,Oralcare,3,351.1,15,UPI,0,895.31,0
158,233,2023-09-15,East,Haircare,1,182.29,5,UPI,1,173.18,0
159,180,2023-10-26,South,Makeup,3,293.48,0,Card,0,880.44,0
160,113,2023-02-10,South,Clothing,1,265.98,20,Card,0,212.78,0
161,52,2022-03-10,North,Electronics,3,271.12,5,Wallet,1,772.69,0
162,268,2022-11-08,West,Oralcare,3,351.79,0,Card,0,1055.37,0
163,295,2022-10-16,South,Clothing,1,308.6,5,Card,0,293.17,0
164,113,2023-07-02,North,Haircare,1,273.1,0,Card,0,273.1,0
165,101,2022-05-28,South,Clothing,1,117.61,10,Card,1,105.85,0
166,113,2023-04-12,South,Makeup,2,173.2,10,UPI,0,311.76,0
167,81,2022-09-01,West,Skincare,2,240.18,20,Card,0,384.29,0
168,187,2023-05-06,East,Skincare,2,257.47,5,Card,0,489.19,0
169,113,2023-05-22,East,Makeup,1,159.58,0,Wallet,0,159.58,0
170,2,2022-12-31,North,Makeup,1,442.93,10,UPI,1,398.64,0
171,130,2023-04-27,South,Haircare,1,371.31,0,Card,0,371.31,0
172,220,2022-07-20,South,Oralcare,1,298.17,5,Card,0,283.26,0
173,54,2022-06-03,North,Haircare,2,255.76,5,Card,0,485.94,0
174,224,2023-03-26,North,Makeup,3,233.02,0,UPI,1,699.06,0
175,225,2023-05-16,East,Oralcare,2,173.85,0,Wallet,0,347.7,0
176,126,2022-03-14,North,Haircare,1,256.2,15,UPI,1,217.77,1
177,130,2023-12-14,South,Skincare,4,270.62,15,COD,1,920.11,0
178,53,2022-10-23,North,Oralcare,2,150.66,0,UPI,0,301.32,0
179,172,2022-01-17,North,Skincare,4,276.73,0,Wallet,0,1106.92,0
180,218,2023-10-03,North,Skincare,2,237.58,0,Wallet,0,475.16,0
181,160,2022-08-05,West,Electronics,1,97.38,15,Card,1,82.77,0
182,198,2022-03-02,East,Skincare,1,181.17,0,COD,0,181.17,0
183,247,2023-09-08,West,Haircare,2,216.91,10,Card,0,390.44,1
184,203,2022-02-11,South,Electronics,1,401.02,0,Card,1,401.02,0
185,184,2022-01-25,North,Oralcare,1,294.52,5,UPI,0,279.79,0
186,123,2022-02-08,South,Makeup,2,143.16,0,Card,0,286.32,0
187,255,2022-05-11,South,Makeup,2,288.88,10,Wallet,0,519.98,0
188,294,2023-05-13,West,Makeup,2,126.22,0,Wallet,0,252.44,0
189,280,2022-08-17,North,Haircare,1,336.62,5,Card,1,319.79,0
190,98,2022-04-18,South,Skincare,1,212.31,0,UPI,0,212.31,0
191,198,2022-06-21,North,Makeup,2,242.51,10,Card,0,436.52,0
192,240,2023-03-11,South,Clothing,4,356.06,15,Card,1,1210.6,0
193,144,2023-04-23,East,Haircare,2,147.03,0,Wallet,0,294.06,0
194,97,2022-04-12,South,Skincare,4,138.23,15,UPI,1,469.98,0
195,201,2023-06-08,South,Haircare,3,203.31,5,UPI,1,579.43,0
196,124,2022-10-02,South,Oralcare,2,333.07,0,Card,0,666.14,0
197,187,2023-09-05,South,Makeup,1,128.45,0,Wallet,0,128.45,1
198,259,2022-02-13,East,Skincare,2,23.43,0,Card,0,46.86,0
199,148,2022-01-17,West,Oralcare,2,213.91,10,COD,0,385.04,0
200,252,2022-11-26,West,Haircare,2,294.14,10,Card,0,529.45,0
201,147,2023-07-23,East,Haircare,1,346.02,0,UPI,0,346.02,0
202,148,2023-05-12,South,Skincare,2,212.95,5,Card,0,404.6,0
203,199,2022-01-12,East,Makeup,1,217.09,10,Card,1,195.38,1
204,128,2022-11-14,South,Makeup,2,342.31,15,Wallet,0,581.93,0
205,39,2023-08-15,North,Skincare,1,100.42,5,UPI,0,95.4,0
206,129,2022-08-04,West,Skincare,3,218.92,20,Wallet,0,525.41,0
207,267,2022-12-05,North,Makeup,1,265.23,5,COD,1,251.97,0
208,151,2023-10-23,West,Oralcare,1,285.94,0,Wallet,0,285.94,0
209,298,2022-03-22,South,Clothing,1,209.22,10,Wallet,1,188.3,0
210,99,2023-12-28,East,Oralcare,2,252.76,0,Card,0,505.52,1
211,263,2023-04-30,East,Electronics,1,50.93,0,UPI,0,50.93,1
212,252,2023-01-09,West,Skincare,1,197.34,0,Card,0,197.34,0
213,144,2023-12-11,East,Clothing,2,286.28,10,UPI,0,515.3,0
214,112,2022-07-19,East,Makeup,1,171.42,10,COD,0,154.28,0
215,60,2023-06-21,North,Clothing,4,254.72,0,COD,0,1018.88,1
216,2,2023-04-11,South,Clothing,4,285.75,0,Wallet,0,1143,0
217,254,2022-03-30,North,Oralcare,2,222.6,0,UPI,1,445.2,0
218,140,2022-09-25,East,Clothing,1,263.64,5,UPI,0,250.46,0
219,37,2023-10-17,South,Haircare,2,172.98,0,Card,1,345.96,0
220,160,2023-07-25,East,Skincare,1,233.47,10,Wallet,0,210.12,0
221,9,2023-05-04,North,Skincare,1,298.82,0,Card,0,298.82,0
222,233,2023-06-22,North,Haircare,1,262.56,0,Wallet,0,262.56,0
223,99,2022-02-16,East,Makeup,4,203.08,0,Card,0,812.32,0
224,147,2022-10-15,North,Haircare,1,267.94,0,Card,0,267.94,0
225,208,2022-01-16,North,Clothing,2,307.17,15,Card,0,522.19,0
226,131,2023-12-12,North,Makeup,2,86,0,Card,0,172,0
227,152,2023-02-05,West,Oralcare,1,342.73,0,Wallet,1,342.73,0
228,54,2022-03-27,East,Electronics,1,223.1,0,Card,0,223.1,0
229,120,2022-09-07,South,Electronics,4,284.04,0,Wallet,1,1136.16,0
230,161,2023-01-26,South,Clothing,2,345.78,0,Card,0,691.56,0
231,116,2022-12-01,South,Haircare,2,140.27,0,Wallet,0,280.54,0
232,75,2023-09-21,East,Clothing,1,193.24,5,Wallet,0,183.58,0
233,113,2023-06-03,East,Oralcare,1,226.92,5,Wallet,0,215.57,0
234,104,2022-05-17,North,Makeup,1,187.3,0,UPI,0,187.3,0
235,254,2023-11-19,North,Haircare,1,388.79,0,Card,0,388.79,0
236,227,2023-05-13,North,Oralcare,1,181.46,20,UPI,0,145.17,0
237,112,2023-12-28,East,Skincare,3,205.56,0,Card,0,616.68,0
238,99,2023-04-22,East,Haircare,1,266.35,0,Wallet,0,266.35,0
239,153,2023-08-17,North,Oralcare,1,153.83,0,Wallet,0,153.83,0
240,194,2022-08-11,North,Makeup,2,218.35,0,Card,0,436.7,0
241,163,2023-01-07,North,Haircare,3,275.4,10,UPI,1,743.58,0
242,208,2023-02-06,West,Oralcare,1,223.37,0,Wallet,1,223.37,1
243,169,2023-03-19,South,Haircare,2,242.53,10,Card,0,436.55,0
244,161,2023-05-05,East,Makeup,1,207.65,0,Card,1,207.65,0
245,68,2023-09-07,East,Makeup,1,128.84,0,Card,1,128.84,0
246,289,2022-09-30,South,Skincare,1,275.73,10,COD,0,248.16,0
247,277,2023-06-10,North,Electronics,3,390.39,0,UPI,0,1171.17,0
248,135,2022-06-08,North,Skincare,1,251.47,5,Card,1,238.9,0
249,195,2022-06-01,East,Haircare,1,268.02,0,Card,0,268.02,0
250,128,2023-09-12,East,Skincare,1,305.42,10,Wallet,1,274.88,1
251,33,2022-07-07,East,Skincare,3,148.45,0,UPI,0,445.35,0
252,176,2022-04-08,South,Oralcare,1,386.2,15,Card,0,328.27,0
253,22,2022-05-11,North,Oralcare,1,266.19,0,Card,0,266.19,1
254,238,2022-06-20,West,Makeup,1,380.55,15,UPI,0,323.47,0
255,158,2022-07-02,East,Skincare,1,191.36,0,Card,1,191.36,0
256,38,2022-12-30,South,Makeup,2,395.44,10,Card,1,711.79,0
257,230,2022-02-08,West,Haircare,2,312.01,0,COD,0,624.02,0
258,51,2023-06-11,East,Oralcare,1,294.24,15,Wallet,0,250.1,0
259,264,2023-05-12,South,Makeup,1,268.72,0,Card,1,268.72,0
260,283,2023-05-31,East,Skincare,1,230.12,0,Card,0,230.12,0
261,27,2022-12-15,East,Skincare,1,346.04,0,Card,0,346.04,0
262,226,2023-02-01,East,Electronics,1,261.23,0,Card,0,261.23,1
263,277,2023-12-23,North,Clothing,3,92.63,0,UPI,1,277.89,0
264,286,2022-06-10,South,Makeup,4,160.63,15,Card,1,546.14,0
265,97,2022-01-16,West,Oralcare,4,235.13,20,UPI,0,752.42,1
266,284,2023-05-08,North,Skincare,3,274.8,0,COD,0,824.4,0
267,147,2023-03-02,South,Skincare,2,245.47,15,Card,1,417.3,0
268,4,2022-04-18,South,Oralcare,2,347.52,5,Card,0,660.29,0
269,35,2023-03-26,South,Electronics,1,93.91,0,Wallet,0,93.91,0
270,192,2022-11-07,East,Clothing,2,261.49,10,COD,0,470.68,0
271,49,2022-06-19,West,Haircare,1,104.56,5,UPI,1,99.33,0
272,17,2023-06-30,North,Skincare,1,310.78,20,Card,0,248.62,1
273,172,2023-02-18,North,Oralcare,3,242.44,0,UPI,0,727.32,1
274,220,2022-09-08,North,Skincare,1,283.57,5,Wallet,0,269.39,1
275,158,2022-05-21,West,Haircare,1,180.89,0,COD,0,180.89,0
276,46,2022-10-01,East,Skincare,4,352.36,0,Card,0,1409.44,0
277,6,2023-02-20,South,Oralcare,1,333.34,0,Wallet,0,333.34,0
278,99,2023-08-31,East,Skincare,1,296.68,20,UPI,0,237.34,0
279,233,2022-02-08,West,Makeup,4,239.64,10,Card,0,862.7,0
280,37,2022-01-29,West,Electronics,2,296.39,10,Wallet,0,533.5,1
281,280,2023-04-22,West,Makeup,2,193.45,5,Card,0,367.55,0
282,181,2022-11-14,North,Haircare,1,318.44,0,Card,1,318.44,0
283,95,2022-09-02,East,Skincare,1,381.96,0,Card,1,381.96,0
284,99,2023-11-28,South,Makeup,3,335.65,0,COD,0,1006.95,1
285,188,2022-09-29,West,Makeup,2,191.63,0,Card,1,383.26,0
286,116,2023-03-16,East,Makeup,2,278.91,10,Wallet,0,502.04,0
287,191,2022-08-27,East,Electronics,1,146.55,5,UPI,1,139.22,0
288,253,2023-01-12,East,Skincare,1,295.79,0,Card,0,295.79,0
289,161,2022-09-23,North,Clothing,4,286.05,0,Wallet,0,1144.2,0
290,256,2022-12-25,South,Haircare,1,100.41,0,UPI,0,100.41,0
291,128,2022-12-06,West,Skincare,2,157.06,0,UPI,0,314.12,0
292,18,2023-01-24,West,Haircare,1,227.35,15,Wallet,1,193.25,0
293,281,2023-07-31,North,Haircare,2,225.93,5,UPI,0,429.27,0
294,223,2023-11-20,North,Oralcare,4,153.24,10,Card,0,551.66,0
295,54,2022-01-03,North,Skincare,2,281.12,0,COD,0,562.24,0
296,58,2023-03-05,East,Skincare,1,270.12,0,Card,0,270.12,0
297,174,2022-05-22,East,Electronics,2,234.46,0,UPI,0,468.92,1
298,280,2023-01-11,North,Electronics,3,189.54,15,Card,0,483.33,0
299,114,2023-11-01,South,Electronics,1,333.9,10,COD,1,300.51,0
300,288,2022-11-20,West,Skincare,3,382.43,0,UPI,0,1147.29,0
301,151,2022-05-26,East,Oralcare,2,211.32,5,UPI,0,401.51,0
302,127,2022-10-20,South,Haircare,3,201.03,0,Card,1,603.09,0
303,155,2023-10-27,South,Haircare,2,289.3,5,Card,0,549.67,0
304,273,2023-03-08,South,Skincare,1,221.36,15,Wallet,0,188.16,0
305,104,2023-12-06,South,Haircare,1,238.85,5,UPI,0,226.91,0
306,299,2023-08-08,South,Makeup,1,309.17,5,Card,1,293.71,0
307,246,2023-02-03,East,Skincare,4,97.25,0,COD,0,389,0
308,176,2022-12-10,West,Electronics,3,355.46,0,UPI,1,1066.38,0
309,39,2022-05-20,East,Skincare,2,255.81,0,Card,1,511.62,0
310,170,2022-07-06,East,Makeup,1,217.08,0,UPI,0,217.08,0
311,247,2022-03-02,North,Makeup,1,242.86,10,Wallet,0,218.57,1
312,26,2023-01-15,South,Electronics,3,246.99,10,Wallet,0,666.87,0
313,13,2023-12-11,North,Haircare,1,111.5,0,Card,0,111.5,0
314,36,2023-03-16,North,Skincare,1,369.6,10,Wallet,1,332.64,0
315,173,2022-11-15,East,Oralcare,2,253.31,0,UPI,1,506.62,1
316,20,2022-10-29,West,Oralcare,1,285.44,0,Card,0,285.44,0
317,264,2022-12-10,North,Skincare,1,326.12,0,Wallet,0,326.12,0
318,142,2022-01-11,South,Oralcare,1,168.31,0,UPI,0,168.31,0
319,143,2022-03-03,East,Oralcare,1,287.88,0,UPI,0,287.88,1
320,92,2022-08-14,North,Oralcare,4,228.59,0,Card,0,914.36,0
321,288,2022-06-02,South,Makeup,1,317.74,0,UPI,0,317.74,0
322,215,2023-12-12,East,Electronics,1,79.82,20,Wallet,0,63.86,0
323,51,2023-07-18,East,Haircare,1,242.07,0,Card,0,242.07,0
324,153,2023-07-25,North,Skincare,3,201.77,0,Card,0,605.31,0
325,186,2023-08-07,South,Skincare,1,284.58,0,Wallet,1,284.58,0
326,63,2023-10-22,East,Makeup,2,287.6,5,UPI,1,546.44,0
327,190,2023-07-29,South,Makeup,1,193.39,0,Card,0,193.39,0
328,125,2022-11-06,North,Oralcare,1,193.03,10,UPI,0,173.73,0
329,150,2022-08-31,East,Makeup,1,241.15,5,Card,0,229.09,0
330,58,2023-05-08,North,Skincare,3,178.27,5,Wallet,0,508.07,0
331,180,2023-01-01,East,Haircare,3,317.36,5,COD,0,904.48,0
332,170,2022-11-26,North,Makeup,1,220.46,0,UPI,1,220.46,0
333,271,2022-04-17,West,Clothing,2,20,0,Card,0,40,0
334,54,2022-08-14,South,Skincare,4,220.01,0,Wallet,0,880.04,0
335,101,2022-08-06,South,Skincare,1,166.92,5,Card,0,158.57,0
336,264,2023-05-21,North,Skincare,3,119.5,0,Card,0,358.5,0
337,53,2022-09-16,South,Skincare,1,151.01,0,UPI,0,151.01,0
338,60,2023-06-01,West,Makeup,4,258.75,20,UPI,1,828,0
339,108,2022-02-23,West,Oralcare,3,356.29,0,Card,0,1068.87,0
340,5,2022-02-16,South,Clothing,4,275.05,10,COD,0,990.18,0
341,103,2023-12-28,South,Skincare,2,201.48,10,Wallet,0,362.66,0
342,196,2023-11-20,East,Oralcare,1,286.47,0,Card,1,286.47,0
343,262,2023-06-05,West,Oralcare,4,213.27,0,Wallet,0,853.08,1
344,47,2022-04-09,South,Oralcare,1,194.43,0,Wallet,0,194.43,0
345,144,2022-01-20,South,Skincare,1,157.65,5,Wallet,1,149.77,1
346,269,2023-07-27,South,Skincare,2,109.85,5,Wallet,0,208.71,0
347,124,2023-05-05,East,Skincare,3,218.81,10,Wallet,0,590.79,1
348,106,2023-02-23,North,Oralcare,4,262.64,15,Card,0,892.98,0
349,158,2023-11-21,East,Oralcare,1,242.27,5,UPI,0,230.16,0
350,147,2022-03-03,South,Makeup,3,216.72,0,Wallet,0,650.16,0
351,145,2022-05-25,East,Skincare,2,174.34,0,Card,0,348.68,0
352,120,2022-08-04,North,Electronics,1,298.66,10,UPI,0,268.79,1
353,275,2022-01-03,South,Oralcare,1,144.63,0,COD,0,144.63,0
354,92,2022-06-09,South,Clothing,1,312.08,0,COD,0,312.08,0
355,58,2022-04-30,East,Oralcare,1,169.82,10,Card,0,152.84,1
356,229,2022-03-30,North,Skincare,4,189.81,0,Card,0,759.24,0
357,117,2022-11-25,South,Haircare,2,132.66,15,Wallet,1,225.52,0
358,279,2023-08-03,South,Oralcare,2,209.89,5,Card,0,398.79,0
359,127,2022-12-23,South,Makeup,4,328.02,0,COD,0,1312.08,1
360,129,2023-09-02,East,Haircare,1,291.25,15,Card,0,247.56,0
361,58,2022-09-24,East,Oralcare,3,328.27,0,Card,0,984.81,0
362,122,2023-09-09,East,Makeup,1,291.77,0,Card,0,291.77,0
363,1,2022-11-19,North,Oralcare,3,161.71,0,Card,0,485.13,0
364,239,2023-09-27,West,Haircare,1,223.54,0,UPI,0,223.54,0
365,290,2023-06-25,South,Clothing,4,187.58,0,Wallet,0,750.32,1
366,96,2023-10-11,North,Makeup,1,356.45,0,Card,1,356.45,1
367,126,2022-07-14,North,Skincare,1,154.26,0,Card,0,154.26,0
368,118,2022-11-28,South,Haircare,3,321.5,0,Wallet,0,964.5,0
369,48,2022-06-19,East,Skincare,1,321.44,10,Card,0,289.3,0
370,89,2023-06-05,East,Oralcare,2,396.37,10,Wallet,0,713.47,0
371,237,2023-04-08,East,Oralcare,1,217.23,0,Wallet,0,217.23,0
372,272,2022-02-09,South,Makeup,2,306.99,0,UPI,0,613.98,0
373,189,2023-06-21,South,Haircare,1,432.53,0,COD,0,432.53,0
374,192,2022-09-18,North,Haircare,1,200.59,0,COD,1,200.59,0
375,69,2023-01-30,South,Skincare,1,127.2,10,COD,1,114.48,0
376,278,2022-08-14,South,Electronics,1,99.6,10,Card,0,89.64,0
377,247,2022-05-04,North,Oralcare,1,307.02,0,Card,0,307.02,0
378,76,2022-02-07,North,Oralcare,1,99.35,0,Card,1,99.35,0
379,154,2022-11-24,South,Oralcare,1,220.21,0,UPI,0,220.21,0
380,144,2022-09-08,East,Haircare,1,284.99,5,COD,0,270.74,1
381,86,2022-06-25,West,Electronics,2,264.81,0,UPI,0,529.62,0
382,185,2023-08-25,West,Oralcare,3,284.04,20,Card,0,681.7,0
383,285,2023-03-30,East,Oralcare,1,267.78,10,COD,0,241,0
384,220,2022-02-06,South,Electronics,2,352.31,0,Card,0,704.62,0
385,69,2022-11-12,East,Skincare,2,173.81,5,Card,0,330.24,0
386,47,2023-11-19,East,Oralcare,1,195.84,15,Card,0,166.46,0
387,94,2023-08-16,North,Makeup,2,188.19,5,Card,1,357.56,1
388,238,2022-04-24,South,Skincare,1,316.42,0,Wallet,0,316.42,0
389,204,2022-02-09,West,Skincare,2,322.03,0,Card,0,644.06,0
390,218,2022-10-28,South,Clothing,1,286.1,10,Wallet,0,257.49,0
391,39,2022-08-12,South,Electronics,2,344.68,5,Wallet,0,654.89,0
392,100,2022-11-14,South,Oralcare,2,155.76,5,UPI,1,295.94,0
393,289,2022-12-15,North,Oralcare,1,383.38,15,UPI,0,325.87,0
394,254,2022-04-25,South,Haircare,1,371.86,15,Card,0,316.08,0
395,222,2023-11-29,South,Electronics,4,308.85,15,UPI,0,1050.09,0
396,23,2022-11-19,North,Haircare,1,392.54,0,COD,0,392.54,0
397,250,2023-07-22,North,Skincare,2,117.47,5,Card,0,223.19,0
398,10,2022-02-09,West,Makeup,4,208.04,10,Wallet,0,748.94,0
399,246,2022-02-09,North,Oralcare,2,191.18,10,Card,0,344.12,0
400,100,2022-10-16,South,Oralcare,2,307.72,5,Card,0,584.67,0
401,290,2022-09-19,South,Skincare,3,165.99,0,UPI,0,497.97,0
402,180,2022-08-04,West,Makeup,3,310.6,10,UPI,0,838.62,0
403,223,2022-05-27,North,Oralcare,1,359.64,10,Card,1,323.68,0
404,250,2022-12-02,South,Makeup,1,305.62,0,UPI,1,305.62,0
405,147,2022-06-17,West,Oralcare,1,272.7,0,UPI,1,272.7,0
406,96,2022-04-02,West,Clothing,4,170.97,0,COD,1,683.88,0
407,257,2022-12-19,North,Skincare,2,182.25,0,Card,0,364.5,0
408,4,2023-07-25,East,Skincare,1,349.97,0,COD,0,349.97,0
409,16,2023-07-25,South,Oralcare,3,312.35,0,Card,0,937.05,0
410,280,2023-11-12,South,Oralcare,1,246.88,5,Wallet,1,234.54,0
411,247,2022-12-29,North,Haircare,1,216.57,5,Card,0,205.74,0
412,258,2023-07-11,North,Clothing,2,87.94,5,Card,1,167.09,0
413,160,2022-12-11,East,Makeup,1,164.33,10,UPI,0,147.9,0
414,152,2023-11-24,South,Haircare,3,402.91,0,Card,1,1208.73,0
415,178,2022-06-19,South,Oralcare,1,147.56,0,Card,0,147.56,0
416,163,2022-12-22,East,Electronics,3,265.16,15,Card,0,676.16,0
417,33,2022-07-10,East,Makeup,2,330.6,0,UPI,1,661.2,0
418,179,2023-10-29,North,Oralcare,1,149.61,20,Card,0,119.69,0
419,101,2023-02-26,East,Haircare,4,264.78,10,UPI,1,953.21,0
420,268,2023-12-01,North,Skincare,2,325.03,5,Card,0,617.56,0
421,65,2022-01-07,East,Makeup,1,251,20,Card,0,200.8,0
422,168,2022-05-13,East,Electronics,1,479.47,0,Card,0,479.47,0
423,43,2023-07-11,West,Makeup,3,116.51,0,Wallet,0,349.53,0
424,44,2022-01-31,North,Skincare,1,334.7,5,Card,0,317.96,0
425,285,2023-06-19,North,Skincare,1,236.18,0,Card,0,236.18,0
426,12,2023-03-02,South,Electronics,1,311.75,15,COD,0,264.99,0
427,95,2023-01-29,North,Oralcare,1,285.3,0,Wallet,0,285.3,0
428,253,2023-11-03,North,Oralcare,3,191.35,5,Card,0,545.35,0
429,242,2022-12-29,West,Skincare,1,268.32,5,Card,0,254.9,0
430,35,2023-03-13,North,Haircare,1,101.37,5,UPI,1,96.3,0
431,215,2023-11-01,North,Haircare,1,298.26,0,Card,0,298.26,0
432,90,2023-07-05,East,Oralcare,1,273.85,0,Card,0,273.85,0
433,264,2022-03-23,South,Electronics,4,301.09,10,UPI,0,1083.92,0
434,93,2022-12-22,East,Makeup,1,334.65,0,Wallet,0,334.65,0
435,90,2022-09-15,North,Oralcare,4,279.41,10,Wallet,0,1005.88,0
436,115,2023-12-19,South,Makeup,1,261.85,5,Card,1,248.76,1
437,105,2023-08-12,North,Haircare,1,179.51,10,Card,1,161.56,0
438,196,2023-06-08,North,Skincare,3,193.02,10,Wallet,0,521.15,0
439,114,2022-10-22,West,Skincare,1,344.94,0,Card,0,344.94,0
440,75,2022-08-12,North,Skincare,2,364.91,5,Wallet,1,693.33,0
441,217,2023-06-09,South,Haircare,4,230.95,15,Wallet,0,785.23,0
442,277,2022-02-15,South,Skincare,1,253.68,0,Card,0,253.68,0
443,249,2023-10-29,South,Oralcare,1,177.63,20,COD,0,142.1,0
444,164,2022-04-23,West,Skincare,2,343.82,0,UPI,0,687.64,0
445,192,2022-08-21,North,Makeup,1,303.23,0,UPI,1,303.23,0
446,227,2022-01-17,East,Oralcare,1,405.3,0,Card,0,405.3,0
447,177,2022-12-26,West,Skincare,1,179.73,20,Card,0,143.78,0
448,99,2022-08-11,South,Skincare,1,219.76,0,Wallet,0,219.76,0
449,36,2023-12-01,West,Oralcare,3,268.52,15,Card,1,684.73,1
450,96,2023-03-24,North,Skincare,1,301.72,15,COD,1,256.46,1
451,152,2022-12-31,South,Makeup,1,232.75,0,Card,0,232.75,0
452,151,2023-11-06,North,Skincare,2,180.16,0,Wallet,0,360.32,0
453,190,2022-11-22,East,Electronics,1,320.51,10,Card,0,288.46,1
454,224,2023-04-12,West,Haircare,1,307.69,0,Wallet,1,307.69,0
455,37,2023-02-18,North,Oralcare,3,176.7,10,Card,1,477.09,0
456,268,2023-03-31,East,Haircare,1,358.44,0,Card,0,358.44,0
457,183,2023-08-09,North,Makeup,3,343.62,0,Card,0,1030.86,0
458,13,2022-08-21,South,Skincare,3,260.74,10,UPI,0,704,0
459,279,2022-08-12,South,Oralcare,1,256.37,0,Card,0,256.37,0
460,217,2023-02-16,West,Makeup,2,294.32,0,COD,0,588.64,0
461,286,2023-07-26,East,Skincare,1,181.06,0,UPI,0,181.06,0
462,273,2022-12-01,South,Skincare,1,252.4,0,Card,0,252.4,0
463,62,2022-08-10,North,Skincare,3,77.81,5,UPI,0,221.76,0
464,84,2022-02-06,North,Clothing,3,320.12,10,Card,0,864.32,0
465,217,2022-10-05,North,Makeup,1,125.08,0,COD,0,125.08,0
466,187,2022-07-15,North,Haircare,2,370.27,5,Wallet,0,703.51,0
467,19,2023-04-29,West,Makeup,4,223.59,5,Card,0,849.64,0
468,177,2022-08-30,South,Clothing,4,233.07,0,Card,0,932.28,0
469,100,2022-11-20,South,Makeup,2,199.78,0,Card,0,399.56,0
470,233,2022-07-11,North,Skincare,1,226.96,15,COD,0,192.92,0
471,76,2022-01-17,West,Oralcare,1,363.48,10,Card,1,327.13,0
472,265,2023-06-08,East,Oralcare,4,50.98,5,UPI,1,193.72,0
473,284,2023-02-05,North,Skincare,1,352.16,5,Card,1,334.55,0
474,206,2023-12-06,East,Skincare,2,277.04,0,COD,0,554.08,0
475,223,2022-01-22,South,Skincare,1,153.44,5,Card,0,145.77,0
476,52,2023-04-19,North,Skincare,1,163.98,5,Wallet,0,155.78,1
477,144,2022-04-30,South,Skincare,1,384.11,5,Wallet,0,364.9,0
478,69,2022-07-29,South,Haircare,4,174.36,0,UPI,0,697.44,0
479,99,2022-11-02,North,Skincare,1,157.73,0,Card,0,157.73,0
480,25,2022-09-27,West,Skincare,2,340.99,0,Card,1,681.98,1
481,53,2023-12-05,West,Oralcare,1,277.08,20,Card,0,221.66,0
482,151,2023-11-18,East,Clothing,1,174.97,0,UPI,1,174.97,0
483,144,2022-10-12,South,Haircare,1,267.33,0,Card,1,267.33,0
484,57,2023-12-17,South,Makeup,2,167.94,0,Wallet,0,335.88,0
485,39,2023-11-07,East,Makeup,1,338.07,0,Card,1,338.07,0
486,109,2022-08-15,South,Clothing,1,334.91,10,UPI,0,301.42,0
487,181,2023-01-16,North,Skincare,1,292.56,5,COD,1,277.93,0
488,42,2023-04-05,South,Makeup,1,278.93,5,Wallet,0,264.98,0
489,186,2022-01-07,East,Haircare,4,390.9,0,Card,1,1563.6,0
490,223,2022-01-29,South,Haircare,4,249.97,10,Card,0,899.89,0
491,122,2022-02-02,North,Haircare,1,155.45,0,Card,1,155.45,0
492,133,2023-10-08,East,Skincare,2,285.96,0,Card,0,571.92,1
493,163,2022-03-20,North,Makeup,4,416.88,0,UPI,0,1667.52,0
494,215,2023-04-04,North,Clothing,1,168.82,0,Wallet,1,168.82,0
495,221,2023-07-24,North,Skincare,3,221.08,0,COD,1,663.24,0
496,235,2023-06-22,South,Oralcare,4,283.32,5,Card,0,1076.62,0
497,146,2023-04-27,East,Oralcare,1,245.69,5,UPI,0,233.41,0
498,239,2023-03-06,South,Haircare,1,171.42,10,Wallet,0,154.28,0
499,76,2022-10-12,North,Skincare,4,339.75,0,Wallet,1,1359,0
500,9,2023-05-31,West,Skincare,2,435.6,0,Card,1,871.2,1
501,74,2022-04-09,West,Haircare,1,265.69,0,Wallet,1,265.69,0
502,253,2023-02-01,West,Electronics,1,177.67,20,Wallet,0,142.14,1
503,230,2023-05-04,North,Electronics,1,126.08,5,UPI,0,119.78,0
504,7,2022-02-08,South,Makeup,2,270.64,10,COD,0,487.15,0
505,174,2022-09-28,West,Makeup,2,338.31,0,Card,1,676.62,0
506,141,2022-06-06,East,Electronics,4,288.01,5,Card,0,1094.44,0
507,168,2022-03-16,North,Oralcare,1,249.81,0,Wallet,1,249.81,1
508,170,2022-05-10,North,Electronics,2,202.86,5,Wallet,0,385.43,0
509,283,2023-11-18,South,Skincare,2,162.63,15,Card,0,276.47,0
510,122,2022-03-25,West,Haircare,1,316.78,20,UPI,0,253.42,0
511,194,2022-01-22,South,Oralcare,1,323.1,5,COD,0,306.94,0
512,5,2023-04-04,South,Oralcare,4,126.34,0,COD,0,505.36,0
513,29,2023-06-23,North,Skincare,3,377.19,15,Card,0,961.83,0
514,165,2023-12-08,East,Makeup,1,295.93,5,UPI,0,281.13,0
515,136,2023-01-17,West,Haircare,2,361.97,0,UPI,1,723.94,0
516,145,2023-03-16,South,Skincare,1,142.63,0,Wallet,0,142.63,0
517,217,2023-08-27,East,Haircare,2,140.73,0,Wallet,0,281.46,0
518,132,2022-01-21,West,Clothing,2,238.08,0,UPI,0,476.16,0
519,292,2022-10-30,North,Skincare,2,290.22,0,Wallet,0,580.44,0
520,70,2022-03-25,South,Oralcare,4,393.71,5,Card,1,1496.1,0
521,252,2023-10-21,South,Makeup,2,306.49,0,Wallet,0,612.98,0
522,275,2023-03-29,East,Oralcare,1,230.59,0,Wallet,1,230.59,0
523,182,2023-01-22,South,Clothing,3,167.89,5,Card,0,478.49,0
524,167,2023-05-22,East,Makeup,1,348.4,10,COD,0,313.56,0
525,91,2022-09-14,East,Makeup,1,172.82,5,UPI,0,164.18,0
526,202,2023-07-24,South,Skincare,1,380.28,0,Wallet,0,380.28,0
527,19,2023-06-11,West,Makeup,1,227.25,15,Card,0,193.16,0
528,39,2022-06-11,South,Oralcare,3,377.25,15,Wallet,1,961.99,1
529,126,2022-06-12,North,Electronics,1,304.31,0,Card,0,304.31,0
530,173,2023-06-08,East,Skincare,3,239.04,0,Card,0,717.12,0
531,141,2022-09-28,East,Skincare,2,208.45,10,Wallet,0,375.21,0
532,242,2023-05-07,South,Skincare,1,222.73,10,Card,0,200.46,0
533,220,2022-07-27,West,Oralcare,3,284.27,20,Wallet,0,682.25,1
534,126,2023-06-23,West,Makeup,1,256.17,15,Card,0,217.74,0
535,58,2023-08-07,North,Haircare,1,202.5,5,Card,0,192.38,0
536,148,2022-03-01,West,Haircare,2,236.75,5,Card,0,449.82,0
537,1,2023-03-06,North,Haircare,1,256.29,0,COD,0,256.29,0
538,190,2023-10-19,North,Skincare,1,79.7,0,Wallet,1,79.7,0
539,191,2023-08-28,North,Oralcare,2,286.65,0,UPI,0,573.3,0
540,117,2022-11-05,West,Makeup,2,171.62,5,Card,0,326.08,0
541,134,2023-06-04,East,Makeup,1,157.73,5,Card,1,149.84,1
542,58,2023-08-14,North,Electronics,4,115.01,10,COD,0,414.04,0
543,44,2022-01-27,South,Oralcare,2,106.49,0,Card,0,212.98,0
544,173,2023-11-17,East,Makeup,3,141.56,5,Card,0,403.45,0
545,160,2023-07-16,North,Skincare,1,193.28,0,Wallet,0,193.28,1
546,173,2022-07-18,West,Skincare,2,406.26,0,Card,0,812.52,1
547,149,2023-01-22,East,Skincare,3,207.93,10,UPI,1,561.41,0
548,80,2022-12-15,South,Skincare,2,264.22,5,Wallet,0,502.02,0
549,213,2023-11-24,West,Makeup,2,282.04,20,Card,1,451.26,0
550,203,2023-06-20,South,Haircare,1,260.49,0,Card,0,260.49,0
551,252,2023-01-13,West,Oralcare,1,243.8,0,Card,0,243.8,0
552,229,2023-07-12,East,Haircare,1,154.38,0,UPI,0,154.38,0
553,164,2023-06-11,East,Oralcare,1,366.07,0,UPI,1,366.07,0
554,227,2022-06-02,North,Makeup,3,394.58,15,Card,1,1006.18,0
555,147,2022-07-25,West,Clothing,1,115.39,5,Card,0,109.62,0
556,20,2023-03-31,South,Oralcare,4,168.08,15,UPI,1,571.47,0
557,47,2022-09-30,North,Oralcare,4,227.62,0,Wallet,0,910.48,0
558,233,2022-08-24,North,Oralcare,1,172.84,15,Card,0,146.91,0
559,14,2023-06-05,South,Electronics,1,290.48,0,Card,0,290.48,0
560,143,2023-11-09,South,Haircare,3,191.74,15,Card,0,488.94,0
561,1,2023-12-27,East,Skincare,4,423.2,0,UPI,0,1692.8,0
562,54,2023-05-16,West,Haircare,1,345.24,0,COD,0,345.24,0
563,259,2022-04-27,North,Oralcare,1,267.01,5,Card,0,253.66,0
564,144,2023-01-21,East,Oralcare,2,332.16,15,Wallet,0,564.67,0
565,12,2022-12-10,North,Haircare,2,338.47,0,Card,0,676.94,0
566,224,2023-08-07,West,Makeup,1,204.88,0,Card,1,204.88,0
567,272,2023-01-30,East,Skincare,2,184.7,15,Card,0,313.99,0
568,156,2022-03-05,South,Electronics,1,256.25,0,UPI,0,256.25,0
569,8,2023-12-18,East,Haircare,1,318.93,0,Wallet,0,318.93,0
570,122,2023-12-22,South,Haircare,1,261.12,0,Wallet,0,261.12,0
571,164,2022-03-13,South,Skincare,1,123.84,0,Card,1,123.84,0
572,90,2022-10-01,West,Skincare,1,185.77,15,Card,0,157.9,0
573,136,2022-11-16,South,Electronics,1,244.08,10,Card,1,219.67,0
574,186,2022-12-04,South,Oralcare,1,243.95,5,UPI,0,231.75,0
575,178,2023-01-01,South,Oralcare,1,407.8,20,Card,0,326.24,1
576,28,2023-05-10,West,Haircare,1,139.12,0,UPI,0,139.12,0
577,220,2023-08-30,South,Haircare,4,290.45,0,Card,0,1161.8,0
578,41,2022-06-15,North,Skincare,1,369.13,0,Card,0,369.13,0
579,228,2023-06-28,East,Oralcare,1,431.72,0,Wallet,0,431.72,1
580,192,2022-01-11,West,Skincare,2,217.65,0,Card,0,435.3,0
581,145,2022-10-28,North,Skincare,4,289.31,15,Card,0,983.65,0
582,201,2023-12-30,North,Haircare,1,295.58,10,Card,1,266.02,0
583,212,2022-04-12,North,Electronics,2,265.64,0,UPI,0,531.28,0
584,220,2023-03-01,South,Makeup,2,242.09,5,UPI,0,459.97,0
585,240,2023-01-27,South,Oralcare,2,284.88,10,Card,0,512.78,0
586,46,2022-08-02,East,Skincare,1,47.42,15,Wallet,0,40.31,0
587,35,2023-11-22,East,Skincare,2,304.57,15,Card,0,517.77,0
588,253,2022-03-29,East,Makeup,1,260.09,5,Card,1,247.09,0
589,82,2023-07-07,South,Skincare,2,232.2,10,Card,1,417.96,0
590,256,2023-02-05,West,Haircare,2,413.75,5,UPI,0,786.12,0
591,197,2023-08-11,South,Makeup,1,196.01,5,Card,0,186.21,0
592,10,2022-02-15,West,Haircare,3,217.75,0,Card,0,653.25,0
593,286,2023-11-03,East,Electronics,1,409.32,0,Card,0,409.32,0
594,242,2023-04-08,North,Makeup,3,183.44,5,Card,0,522.8,0
595,251,2023-08-15,East,Oralcare,1,205.99,0,Wallet,0,205.99,0
596,5,2022-11-06,South,Skincare,1,238.24,0,Card,0,238.24,0
597,119,2022-03-27,East,Oralcare,1,317.26,10,Card,0,285.53,0
598,289,2022-04-02,North,Skincare,4,266.62,0,Wallet,0,1066.48,0
599,65,2023-10-22,North,Makeup,1,146.59,5,Card,0,139.26,0
600,146,2023-11-04,West,Makeup,1,207.43,5,UPI,0,197.06,0
601,224,2023-12-15,North,Makeup,1,201.41,20,Wallet,0,161.13,1
602,239,2022-08-30,West,Makeup,2,243.82,0,Card,1,487.64,0
603,177,2022-01-02,North,Oralcare,2,284.07,0,UPI,0,568.14,0
604,267,2022-08-13,East,Electronics,1,283.46,5,Card,1,269.29,0
605,282,2023-08-12,East,Oralcare,1,107.92,10,Wallet,0,97.13,0
606,63,2022-04-26,South,Oralcare,1,335.12,20,Card,0,268.1,0
607,217,2023-10-28,South,Makeup,1,270.21,0,Card,0,270.21,0
608,283,2022-04-13,North,Skincare,1,360.76,0,Wallet,0,360.76,0
609,177,2022-07-13,North,Skincare,2,285.54,15,UPI,1,485.42,0
610,98,2022-06-15,South,Skincare,1,338.11,0,COD,0,338.11,0
611,105,2022-03-31,East,Haircare,1,287.32,5,Wallet,0,272.95,0
612,99,2023-11-17,West,Haircare,1,357.7,0,Card,0,357.7,0
613,6,2022-05-02,West,Skincare,4,291.78,0,Card,1,1167.12,0
614,197,2022-05-23,East,Skincare,4,242.17,0,Card,0,968.68,0
615,133,2022-04-16,East,Oralcare,3,431.79,0,Wallet,1,1295.37,0
616,259,2023-03-04,East,Oralcare,1,321.12,5,Card,1,305.06,0
617,23,2022-11-01,North,Skincare,1,295.9,15,COD,0,251.52,0
618,53,2022-11-13,West,Electronics,1,147.9,0,Card,1,147.9,0
619,165,2023-09-27,East,Clothing,1,146.94,10,Card,1,132.25,0
620,202,2022-01-09,South,Skincare,2,273.42,0,Card,0,546.84,1
621,83,2022-03-14,North,Skincare,3,261.64,5,UPI,0,745.67,1
622,145,2022-12-25,South,Haircare,3,200.87,0,UPI,0,602.61,0
623,85,2022-08-11,South,Electronics,3,261.28,15,Wallet,0,666.26,0
624,78,2023-02-20,West,Electronics,1,377.09,10,Card,0,339.38,0
625,1,2023-07-07,South,Makeup,2,305.63,5,UPI,0,580.7,0
626,51,2023-01-05,South,Skincare,1,158.72,10,Card,0,142.85,0
627,173,2023-12-17,West,Haircare,1,241.08,5,UPI,0,229.03,0
628,205,2022-09-21,North,Haircare,2,185.6,20,Wallet,0,296.96,0
629,260,2023-11-21,South,Makeup,1,218.98,10,Card,1,197.08,1
630,288,2022-11-14,North,Electronics,1,216.91,15,Wallet,0,184.37,1
631,34,2022-03-25,East,Oralcare,1,211.79,5,UPI,0,201.2,1
632,95,2022-11-14,West,Oralcare,2,149.59,0,Card,0,299.18,0
633,72,2022-04-21,South,Electronics,3,239.79,5,UPI,0,683.4,0
634,39,2022-09-08,West,Oralcare,1,205.15,0,Card,1,205.15,0
635,154,2023-01-18,South,Skincare,3,20,5,Card,0,57,0
636,250,2022-01-07,West,Haircare,1,414.24,0,Card,0,414.24,0
637,162,2023-04-04,East,Makeup,1,337.1,5,Card,1,320.24,0
638,118,2022-03-25,East,Oralcare,2,219.9,0,Wallet,1,439.8,0
639,259,2022-07-27,North,Makeup,2,251.51,0,Card,1,503.02,1
640,268,2023-01-25,West,Oralcare,4,156.27,0,UPI,1,625.08,0
641,54,2022-11-10,East,Skincare,1,385.66,20,Card,0,308.53,0
642,236,2022-01-22,South,Makeup,2,401.78,0,COD,0,803.56,0
643,222,2023-02-14,West,Makeup,2,262.54,0,Wallet,0,525.08,0
644,251,2023-05-30,South,Makeup,4,331.88,10,UPI,0,1194.77,0
645,112,2022-05-07,West,Oralcare,1,264.02,5,Card,1,250.82,0
646,255,2023-12-01,North,Oralcare,3,143.06,0,Card,0,429.18,0
647,207,2022-01-14,East,Haircare,2,217.05,0,Card,0,434.1,0
648,229,2022-01-12,South,Makeup,1,260.55,0,Wallet,1,260.55,0
649,66,2022-03-28,North,Makeup,1,213.64,20,UPI,0,170.91,0
650,75,2023-06-08,North,Makeup,1,232.51,0,Card,1,232.51,0
651,103,2023-06-21,North,Makeup,2,242.69,0,Card,1,485.38,0
652,192,2022-10-28,South,Electronics,3,243.53,0,UPI,0,730.59,0
653,252,2022-08-31,South,Skincare,2,254.18,0,Card,0,508.36,1
654,226,2022-05-02,South,Skincare,2,165.15,10,UPI,0,297.27,0
655,294,2022-05-27,South,Makeup,2,192.64,0,Wallet,0,385.28,0
656,98,2023-07-21,South,Skincare,1,147.23,0,UPI,0,147.23,0
657,286,2022-12-22,East,Haircare,1,328.23,0,Card,0,328.23,0
658,249,2023-11-16,North,Haircare,1,81.55,0,Card,1,81.55,1
659,166,2023-09-23,West,Skincare,1,342.29,0,Wallet,0,342.29,0
660,30,2022-11-05,West,Makeup,1,360.91,10,COD,1,324.82,0
661,247,2023-11-26,East,Skincare,2,225.83,10,Card,0,406.49,0
662,106,2022-10-15,South,Skincare,1,41.75,15,Card,0,35.49,0
663,51,2022-11-03,West,Skincare,1,221.1,15,Wallet,1,187.94,0
664,81,2023-08-17,North,Clothing,1,244.87,5,COD,0,232.63,0
665,133,2023-12-24,North,Haircare,1,169.15,0,UPI,0,169.15,0
666,285,2023-10-24,North,Haircare,4,208.78,10,COD,0,751.61,0
667,138,2023-07-03,East,Skincare,3,372.42,10,Card,0,1005.53,0
668,184,2022-12-18,North,Skincare,2,303.19,10,Card,0,545.74,0
669,273,2022-11-08,South,Haircare,1,176.03,5,Wallet,0,167.23,0
670,69,2022-02-28,West,Oralcare,3,122.19,0,UPI,0,366.57,0
671,34,2023-10-05,West,Oralcare,3,223.84,10,Card,1,604.37,0
672,262,2023-12-15,South,Makeup,3,232.92,10,Card,1,628.88,0
673,53,2022-02-04,North,Haircare,1,289.7,20,UPI,0,231.76,0
674,205,2023-03-21,West,Skincare,2,207.17,0,Card,1,414.34,0
675,126,2022-04-03,South,Electronics,3,290.92,0,Card,0,872.76,0
676,235,2022-07-26,North,Haircare,2,404.81,0,Wallet,0,809.62,0
677,43,2022-12-19,North,Haircare,2,315.24,10,Wallet,0,567.43,1
678,240,2022-11-28,West,Makeup,1,246.15,0,UPI,0,246.15,0
679,111,2023-12-26,East,Haircare,2,235.35,0,Card,0,470.7,0
680,249,2022-06-08,West,Makeup,1,221.47,20,Wallet,0,177.18,0
681,151,2022-01-24,West,Skincare,2,344.45,0,Wallet,0,688.9,1
682,183,2023-02-08,South,Makeup,1,199.81,10,Wallet,1,179.83,0
683,95,2023-05-31,South,Oralcare,1,253.62,0,Wallet,0,253.62,1
684,8,2022-12-30,South,Skincare,1,254.1,10,Card,0,228.69,1
685,184,2023-01-17,South,Skincare,2,209.86,5,Card,1,398.73,0
686,281,2023-06-16,South,Electronics,1,140.2,15,Card,0,119.17,1
687,195,2022-06-01,East,Skincare,2,275.84,15,Card,0,468.93,0
688,195,2023-07-16,East,Haircare,3,245.12,0,Wallet,1,735.36,0
689,155,2023-11-20,West,Skincare,1,290.02,0,UPI,0,290.02,0
690,93,2023-08-31,South,Makeup,1,207.31,0,UPI,0,207.31,0
691,160,2023-09-09,East,Oralcare,1,347.67,5,UPI,0,330.29,0
692,61,2023-02-24,East,Makeup,3,179.86,15,Card,1,458.64,0
693,122,2022-09-07,South,Haircare,2,386.96,0,Card,0,773.92,0
694,51,2022-04-27,East,Haircare,1,110.19,5,Card,1,104.68,0
695,277,2023-05-27,North,Haircare,1,284.78,0,Card,0,284.78,0
696,5,2023-08-01,South,Oralcare,2,288.03,10,Card,0,518.45,0
697,92,2022-12-01,North,Skincare,3,186.36,20,Wallet,1,447.26,0
698,170,2023-02-22,South,Makeup,3,283.95,0,COD,0,851.85,0
699,22,2022-10-22,South,Oralcare,2,352.36,0,Card,0,704.72,0
700,1,2023-01-06,East,Haircare,1,72.65,0,Card,0,72.65,0
701,133,2022-07-05,West,Oralcare,1,290.22,5,UPI,1,275.71,0
702,233,2022-09-03,East,Oralcare,1,50.54,5,Card,0,48.01,0
703,12,2023-09-29,East,Oralcare,1,172.75,0,UPI,0,172.75,0
704,46,2022-09-25,South,Haircare,1,380.33,0,UPI,0,380.33,1
705,34,2023-10-05,East,Skincare,1,203.46,0,COD,1,203.46,0
706,78,2022-08-25,North,Oralcare,1,156.09,5,Card,0,148.29,1
707,218,2023-06-14,North,Haircare,4,234.16,5,UPI,0,889.81,0
708,73,2023-07-06,South,Makeup,2,415.43,0,Wallet,0,830.86,0
709,282,2022-01-21,South,Electronics,3,103.47,10,Wallet,0,279.37,0
710,249,2023-06-04,North,Electronics,2,165.9,10,Card,0,298.62,1
711,47,2022-04-10,North,Haircare,1,369.79,0,Card,0,369.79,0
712,121,2023-04-23,North,Makeup,2,398.62,0,Wallet,0,797.24,0
713,214,2023-08-22,West,Skincare,1,241.73,10,Wallet,1,217.56,0
714,239,2022-10-25,South,Oralcare,2,150.88,20,UPI,1,241.41,0
715,56,2023-06-10,South,Electronics,1,417.67,0,UPI,0,417.67,1
716,107,2022-11-30,North,Skincare,4,377.56,0,UPI,1,1510.24,0
717,48,2022-01-02,East,Makeup,1,304.32,0,Card,0,304.32,0
718,61,2023-01-10,South,Electronics,1,185.01,5,UPI,1,175.76,0
719,26,2022-10-20,North,Skincare,4,246.08,0,Wallet,0,984.32,0
720,292,2023-07-07,South,Haircare,1,237.17,0,UPI,0,237.17,0
721,257,2022-11-14,North,Clothing,2,276.47,5,COD,1,525.29,0
722,8,2023-05-17,North,Makeup,2,366.08,5,Card,1,695.55,1
723,113,2023-01-16,North,Haircare,3,320.35,0,UPI,0,961.05,0
724,253,2023-09-15,North,Makeup,4,163.81,0,Card,0,655.24,0
725,180,2022-01-14,North,Skincare,4,360.12,5,Card,0,1368.46,0
726,207,2023-05-19,South,Oralcare,1,275.05,0,Wallet,0,275.05,0
727,127,2022-08-19,East,Skincare,3,304.97,0,Card,0,914.91,0
728,56,2022-03-25,South,Clothing,2,367.32,15,UPI,0,624.44,0
729,214,2022-05-10,South,Haircare,2,161.07,0,Card,1,322.14,0
730,14,2022-05-25,South,Skincare,1,247.13,10,Card,0,222.42,0
731,28,2022-01-28,West,Skincare,2,207.48,15,Wallet,0,352.72,0
732,78,2022-03-07,South,Skincare,4,124.57,0,UPI,0,498.28,0
733,216,2022-06-12,North,Skincare,4,277.74,0,COD,0,1110.96,0
734,154,2022-08-17,East,Makeup,1,450.92,5,UPI,0,428.37,0
735,14,2022-09-18,North,Skincare,1,102.79,15,UPI,0,87.37,0
736,187,2023-03-25,South,Haircare,1,247.42,15,Card,1,210.31,0
737,7,2023-02-28,South,Oralcare,3,301.24,10,Card,1,813.35,0
738,3,2023-04-05,West,Oralcare,2,259.85,0,Card,0,519.7,0
739,111,2023-11-07,South,Oralcare,1,240.95,5,Wallet,0,228.9,1
740,238,2022-10-28,East,Makeup,1,146.06,0,UPI,0,146.06,0
741,239,2022-10-30,West,Skincare,1,268.62,0,Card,1,268.62,0
742,274,2022-10-14,North,Oralcare,1,189.46,0,UPI,1,189.46,0
743,294,2023-01-30,North,Haircare,4,74.81,0,Wallet,0,299.24,0
744,227,2022-01-10,South,Makeup,2,345.57,10,Card,0,622.03,0
745,15,2023-12-08,South,Oralcare,1,326.67,0,Card,1,326.67,0
746,192,2023-09-22,South,Oralcare,2,254.13,0,UPI,0,508.26,0
747,119,2022-09-27,West,Haircare,1,268.33,0,UPI,0,268.33,0
748,28,2023-08-15,East,Makeup,4,335.95,15,UPI,1,1142.23,0
749,202,2023-08-28,East,Oralcare,1,267.95,10,Card,1,241.16,0
750,39,2022-12-27,South,Haircare,1,322.32,0,COD,0,322.32,0
751,273,2022-09-14,West,Oralcare,1,226.2,0,Card,0,226.2,0
752,231,2022-05-13,West,Oralcare,2,354.96,0,Card,0,709.92,0
753,86,2022-10-03,West,Oralcare,2,275.66,15,COD,0,468.62,0
754,126,2023-11-14,North,Haircare,2,265.52,5,Card,0,504.49,0
755,300,2023-05-28,East,Makeup,1,148.4,5,UPI,0,140.98,0
756,25,2022-11-09,North,Oralcare,1,272.96,5,Card,0,259.31,0
757,145,2023-07-30,North,Haircare,1,183.44,0,Wallet,1,183.44,0
758,13,2022-10-11,North,Oralcare,2,198.94,10,COD,0,358.09,0
759,212,2022-05-01,East,Makeup,1,184.77,5,Card,0,175.53,0
760,25,2022-04-17,East,Makeup,2,164.7,0,UPI,0,329.4,0
761,68,2023-11-18,North,Electronics,3,419.98,0,Card,0,1259.94,1
762,67,2022-07-23,South,Oralcare,3,356.51,5,Wallet,0,1016.05,0
763,233,2022-06-14,South,Electronics,1,403.63,15,Card,0,343.09,0
764,109,2022-11-01,South,Oralcare,1,152.17,0,Card,1,152.17,0
765,146,2023-05-12,North,Haircare,1,255.7,15,Card,0,217.34,0
766,111,2023-09-24,South,Oralcare,2,146.52,10,Card,1,263.74,0
767,228,2023-07-10,East,Electronics,3,194.34,0,COD,1,583.02,1
768,111,2022-06-05,North,Haircare,1,176.55,0,Card,0,176.55,0
769,34,2023-01-02,North,Haircare,1,349.17,0,Card,0,349.17,1
770,111,2023-12-20,South,Makeup,3,218.3,10,Card,1,589.41,0
771,264,2023-09-12,West,Haircare,3,335.47,0,Card,1,1006.41,0
772,236,2022-09-08,East,Oralcare,1,298.33,0,UPI,0,298.33,1
773,83,2022-11-30,East,Skincare,2,434.29,5,COD,0,825.15,0
774,42,2023-10-04,South,Skincare,1,131.64,10,Card,0,118.48,0
775,101,2023-05-26,South,Skincare,1,350.74,0,UPI,1,350.74,0
776,6,2022-10-20,North,Skincare,4,341.72,0,Wallet,0,1366.88,0
777,180,2022-01-20,East,Skincare,3,172.13,0,Card,0,516.39,0
778,282,2022-10-09,West,Skincare,3,330.57,5,UPI,1,942.12,0
779,226,2022-01-01,East,Electronics,1,276.89,10,Wallet,0,249.2,0
780,229,2022-04-29,West,Haircare,3,231.8,0,UPI,0,695.4,0
781,289,2022-02-04,East,Makeup,1,184.09,10,UPI,0,165.68,0
782,150,2022-07-17,North,Makeup,1,192.47,5,Card,1,182.85,1
783,277,2023-04-30,West,Oralcare,2,413.98,5,COD,0,786.56,0
784,198,2022-02-28,North,Skincare,1,250.05,5,UPI,0,237.55,0
785,70,2022-06-10,South,Oralcare,3,312.57,0,Wallet,0,937.71,0
786,112,2023-11-22,North,Oralcare,2,186.73,0,Wallet,0,373.46,0
787,4,2022-07-25,North,Oralcare,1,187.61,5,Card,0,178.23,0
788,95,2022-01-12,South,Skincare,1,336.56,5,COD,0,319.73,0
789,152,2023-05-05,South,Oralcare,1,142.03,5,UPI,0,134.93,0
790,137,2022-10-03,South,Skincare,1,216.78,0,Card,1,216.78,0
791,247,2023-11-24,South,Electronics,2,252.72,15,Card,1,429.62,1
792,243,2022-08-30,North,Haircare,3,258.91,5,Wallet,0,737.89,0
793,31,2022-08-04,North,Skincare,1,235.67,0,Card,0,235.67,0
794,40,2022-09-08,South,Skincare,1,281.67,0,Card,0,281.67,0
795,229,2022-05-06,South,Makeup,2,305.43,10,Wallet,1,549.77,0
796,36,2022-08-05,East,Oralcare,3,308.77,10,Card,0,833.68,0
797,223,2022-11-02,East,Skincare,1,171.14,0,Card,0,171.14,0
798,6,2022-07-04,West,Haircare,1,227.27,15,Card,0,193.18,0
799,220,2022-02-08,East,Skincare,2,345.58,0,Card,0,691.16,0
800,75,2022-08-11,South,Oralcare,1,321.57,0,UPI,0,321.57,0
801,4,2022-07-03,East,Oralcare,1,140.17,15,Wallet,0,119.14,0
802,134,2023-05-10,North,Oralcare,2,278.12,15,Card,0,472.8,0
803,118,2023-03-03,South,Oralcare,2,91.74,5,Card,0,174.31,0
804,94,2022-06-27,East,Makeup,2,253.75,15,Wallet,0,431.38,0
805,62,2023-03-04,South,Makeup,2,401.82,0,Card,0,803.64,0
806,194,2022-10-21,East,Oralcare,2,174.17,15,Card,0,296.09,0
807,203,2022-05-31,West,Skincare,1,183.25,0,Card,0,183.25,0
808,26,2023-01-19,West,Skincare,1,311.12,0,UPI,0,311.12,0
809,173,2023-09-30,West,Makeup,1,126.58,0,UPI,0,126.58,0
810,300,2022-11-04,South,Skincare,1,199.38,0,UPI,0,199.38,0
811,133,2022-12-02,South,Makeup,2,297.72,0,UPI,0,595.44,1
812,118,2023-01-10,South,Electronics,3,199.26,0,UPI,0,597.78,0
813,275,2022-01-08,South,Skincare,4,231.12,0,Wallet,0,924.48,0
814,212,2022-12-07,East,Haircare,2,309.53,0,Wallet,1,619.06,0
815,225,2022-05-09,East,Makeup,1,283.72,5,Card,0,269.53,0
816,20,2023-10-31,East,Oralcare,1,271.35,0,Wallet,0,271.35,0
817,113,2022-12-18,South,Skincare,3,222.87,0,UPI,0,668.61,0
818,140,2022-12-24,North,Electronics,2,279.6,10,Wallet,0,503.28,0
819,47,2023-06-01,South,Electronics,2,240.1,15,Card,0,408.17,0
820,1,2023-05-10,North,Skincare,3,286.62,10,Card,0,773.87,0
821,90,2022-03-27,West,Electronics,2,210.25,0,Wallet,0,420.5,0
822,142,2022-06-24,South,Clothing,3,235.39,10,UPI,0,635.55,0
823,38,2022-07-12,North,Oralcare,1,170.8,0,UPI,0,170.8,0
824,293,2022-11-07,North,Oralcare,2,247.2,0,Card,1,494.4,0
825,139,2022-04-29,East,Skincare,3,185.12,0,UPI,1,555.36,0
826,259,2022-08-06,East,Haircare,1,160.88,10,Wallet,0,144.79,0
827,161,2023-03-03,South,Makeup,2,270.69,0,UPI,0,541.38,0
828,178,2023-02-18,North,Makeup,1,267.02,0,Wallet,0,267.02,0
829,10,2022-04-24,South,Clothing,4,312.63,0,Wallet,0,1250.52,0
830,261,2022-05-25,South,Skincare,1,215.51,15,Wallet,0,183.18,0
831,138,2023-06-22,East,Oralcare,2,282.64,5,UPI,0,537.02,1
832,172,2023-10-10,East,Oralcare,1,294.06,0,COD,0,294.06,0
833,13,2022-10-30,South,Electronics,2,285.58,5,Card,0,542.6,0
834,168,2023-08-11,North,Clothing,1,183.95,5,Card,0,174.75,0
835,130,2022-12-11,West,Skincare,1,261.95,5,COD,0,248.85,0
836,84,2022-01-01,South,Makeup,1,279.13,0,Wallet,1,279.13,0
837,101,2022-05-27,East,Skincare,4,250.57,15,Wallet,0,851.94,0
838,273,2022-10-14,North,Makeup,1,83.08,0,Wallet,0,83.08,0
839,265,2023-10-16,South,Makeup,1,262.84,5,Card,0,249.7,0
840,38,2022-02-22,North,Skincare,3,427,0,UPI,0,1281,0
841,94,2022-10-31,South,Oralcare,2,221.2,0,UPI,0,442.4,0
842,95,2022-03-10,West,Haircare,4,191.75,0,Card,0,767,0
843,69,2022-12-27,South,Skincare,1,279.87,5,Card,0,265.88,0
844,236,2023-08-25,North,Oralcare,2,274.99,0,UPI,0,549.98,0
845,137,2022-08-08,North,Skincare,1,345.42,10,Card,0,310.88,1
846,76,2023-12-05,South,Makeup,1,149.37,0,UPI,0,149.37,0
847,35,2023-07-29,North,Oralcare,2,308.51,5,Card,0,586.17,0
848,1,2023-08-08,North,Haircare,2,297.23,10,Wallet,0,535.01,1
849,296,2022-06-10,East,Oralcare,3,238.63,5,COD,0,680.1,0
850,60,2023-11-12,South,Makeup,1,277.09,10,UPI,0,249.38,0
851,267,2022-03-30,South,Oralcare,1,332.36,5,Card,1,315.74,0
852,229,2023-11-19,West,Haircare,1,319.79,0,UPI,0,319.79,0
853,270,2023-08-08,North,Haircare,4,158.56,10,Card,0,570.82,0
854,286,2023-08-12,West,Haircare,1,315.61,0,Card,0,315.61,0
855,291,2022-06-08,South,Electronics,1,244.82,5,COD,1,232.58,1
856,213,2023-05-04,West,Haircare,1,255.83,10,UPI,1,230.25,0
857,165,2022-11-20,East,Haircare,2,255.86,0,Wallet,0,511.72,0
858,5,2023-09-02,West,Clothing,1,237.98,0,Card,0,237.98,0
859,78,2023-01-16,West,Oralcare,4,345.34,0,Card,0,1381.36,0
860,62,2022-04-12,South,Skincare,1,243.3,10,Card,0,218.97,0
861,132,2023-05-09,West,Oralcare,3,160.44,15,Wallet,1,409.12,0
862,89,2023-10-06,South,Skincare,1,218.52,5,UPI,0,207.59,0
863,237,2023-09-06,South,Skincare,2,264.3,5,Wallet,0,502.17,0
864,42,2022-01-19,South,Haircare,4,348.34,15,UPI,1,1184.36,0
865,89,2023-03-30,South,Electronics,1,298.25,0,Card,1,298.25,0
866,296,2023-04-27,North,Electronics,4,181.96,0,Card,0,727.84,1
867,295,2023-08-17,South,Skincare,1,448.82,10,Card,0,403.94,0
868,104,2023-02-01,South,Haircare,4,271.18,10,Card,0,976.25,0
869,14,2022-10-06,East,Skincare,2,352.03,15,Card,1,598.45,0
870,288,2022-12-31,West,Clothing,1,237.86,0,COD,1,237.86,0
871,179,2022-11-27,South,Clothing,1,292.67,0,Card,0,292.67,0
872,125,2023-10-03,South,Haircare,1,317.16,0,COD,0,317.16,0
873,23,2022-12-10,North,Oralcare,1,347.46,0,Card,1,347.46,0
874,63,2023-03-31,North,Oralcare,1,334.59,0,COD,0,334.59,0
875,143,2023-08-24,North,Haircare,1,319.78,10,Wallet,0,287.8,0
876,153,2023-12-26,South,Makeup,1,224.79,0,COD,1,224.79,0
877,145,2023-10-17,North,Haircare,3,204.26,10,Card,0,551.5,0
878,225,2022-03-06,West,Oralcare,1,276.61,0,UPI,0,276.61,0
879,104,2022-03-17,South,Oralcare,1,324.65,5,COD,1,308.42,0
880,104,2023-12-12,South,Skincare,2,232.18,0,Card,1,464.36,1
881,39,2022-05-23,South,Electronics,1,335.21,0,Card,0,335.21,1
882,198,2023-08-28,North,Makeup,1,366.21,0,Card,0,366.21,0
883,134,2023-04-18,South,Haircare,1,176.69,20,COD,0,141.35,0
884,67,2023-02-21,East,Oralcare,4,183.05,10,Wallet,0,658.98,0
885,179,2022-11-01,South,Oralcare,3,238.77,0,Wallet,0,716.31,0
886,42,2023-05-12,South,Haircare,1,274.61,0,Card,1,274.61,0
887,15,2022-10-18,West,Skincare,2,208.03,15,Card,0,353.65,0
888,111,2022-04-12,West,Makeup,2,358.18,0,UPI,0,716.36,0
889,157,2022-09-24,East,Haircare,2,283.93,0,Card,0,567.86,0
890,289,2023-09-14,South,Haircare,2,253.16,5,Wallet,1,481,0
891,231,2022-01-03,East,Makeup,2,135.13,15,COD,0,229.72,0
892,157,2022-03-26,North,Oralcare,1,144.73,0,Card,0,144.73,0
893,38,2022-11-24,South,Haircare,1,272.48,0,UPI,0,272.48,0
894,97,2023-03-26,North,Oralcare,1,79.39,15,Card,0,67.48,0
895,289,2023-03-30,South,Oralcare,3,331.01,0,Wallet,0,993.03,0
896,254,2023-09-21,South,Makeup,2,237.35,0,Card,0,474.7,0
897,196,2022-08-09,North,Makeup,3,509.45,5,UPI,0,1451.93,0
898,86,2022-06-03,West,Oralcare,4,434.63,15,Card,0,1477.74,0
899,10,2023-10-27,West,Haircare,1,235.48,0,Wallet,0,235.48,0
900,5,2022-01-12,East,Oralcare,2,241.49,20,Wallet,0,386.38,0
901,123,2022-05-13,South,Oralcare,2,329.65,5,Card,0,626.33,0
902,118,2022-10-31,West,Oralcare,4,386.25,0,UPI,0,1545,0
903,294,2022-10-20,North,Clothing,4,118.96,20,Card,0,380.67,0
904,159,2022-10-27,East,Haircare,2,107.09,0,UPI,0,214.18,1
905,228,2022-02-12,North,Haircare,1,200.24,0,Card,0,200.24,0
906,216,2022-12-09,East,Skincare,3,296.62,5,UPI,0,845.37,0
907,184,2022-11-22,North,Makeup,1,289.75,0,Card,0,289.75,0
908,15,2023-05-13,West,Haircare,3,335.58,0,Card,0,1006.74,0
909,157,2022-12-30,West,Skincare,4,154.02,0,Card,1,616.08,0
910,136,2023-03-03,North,Electronics,1,64.71,0,UPI,1,64.71,0
911,261,2022-01-21,South,Haircare,2,318.64,10,Card,0,573.55,0
912,157,2023-02-11,West,Haircare,1,183.74,5,UPI,0,174.55,1
913,47,2023-09-11,South,Skincare,1,88.52,20,UPI,0,70.82,0
914,173,2022-12-02,West,Makeup,1,261.61,0,Card,0,261.61,0
915,130,2022-04-27,South,Makeup,3,313.45,0,Wallet,0,940.35,1
916,95,2022-05-04,South,Skincare,4,240.24,0,Card,0,960.96,0
917,115,2023-02-03,South,Makeup,4,213.37,0,Card,0,853.48,1
918,243,2023-12-16,North,Haircare,1,237.25,0,UPI,1,237.25,1
919,292,2022-02-20,East,Electronics,3,220.35,10,UPI,0,594.94,1
920,282,2022-11-20,South,Electronics,2,142.16,15,Wallet,1,241.67,0
921,299,2022-05-21,South,Oralcare,1,192.83,20,Card,1,154.26,0
922,283,2023-04-15,South,Skincare,1,291.7,0,Card,0,291.7,0
923,69,2022-11-30,South,Electronics,1,275.73,15,Card,0,234.37,1
924,148,2023-01-08,West,Electronics,4,263.44,0,UPI,0,1053.76,0
925,11,2023-07-18,West,Makeup,2,170.39,0,Wallet,0,340.78,0
926,254,2023-05-09,South,Oralcare,2,235.48,15,UPI,0,400.32,0
927,38,2023-06-23,West,Skincare,1,75.83,5,Card,0,72.04,0
928,134,2023-10-31,East,Oralcare,2,264.28,0,Card,0,528.56,0
929,200,2022-06-05,South,Clothing,1,364.31,0,Card,1,364.31,0
930,23,2022-10-18,West,Makeup,1,132.07,0,Card,0,132.07,0
931,218,2023-10-10,North,Electronics,2,203.13,10,Card,1,365.63,0
932,141,2022-05-24,North,Haircare,1,276.33,0,UPI,0,276.33,1
933,104,2022-04-16,West,Clothing,3,350.23,20,UPI,1,840.55,0
934,210,2023-02-24,South,Haircare,1,214.14,0,Wallet,0,214.14,0
935,111,2023-11-01,West,Oralcare,2,194.62,0,Wallet,0,389.24,0
936,104,2023-10-20,West,Makeup,1,92.49,0,Card,1,92.49,0
937,171,2022-01-02,North,Skincare,2,258.28,5,UPI,0,490.73,0
938,133,2023-08-12,West,Makeup,1,413.37,0,Card,0,413.37,1
939,293,2023-10-06,South,Clothing,1,272.19,10,COD,0,244.97,0
940,127,2022-03-31,South,Oralcare,4,248.22,15,Wallet,0,843.95,0
941,106,2022-12-11,East,Electronics,1,275.77,15,Card,0,234.4,0
942,92,2022-12-16,West,Electronics,3,249.11,10,COD,1,672.6,0
943,287,2023-04-04,North,Makeup,4,184.96,15,Card,0,628.86,0
944,51,2022-09-20,South,Skincare,1,315.86,5,Wallet,0,300.07,0
945,29,2022-12-17,East,Makeup,1,268.06,10,Wallet,1,241.25,0
946,296,2022-04-18,East,Skincare,2,251.41,0,Card,0,502.82,0
947,297,2023-08-09,East,Skincare,4,171.97,0,Card,0,687.88,0
948,214,2022-02-08,North,Haircare,4,354.28,0,UPI,0,1417.12,0
949,267,2022-06-08,South,Skincare,2,303.18,0,UPI,0,606.36,0
950,257,2023-08-06,South,Makeup,3,205.77,0,Card,0,617.31,0
951,101,2022-11-08,East,Makeup,1,330.15,20,COD,0,264.12,1
952,110,2022-08-29,North,Makeup,4,210.19,0,Card,0,840.76,0
953,182,2023-03-21,North,Clothing,4,187.44,0,Card,0,749.76,0
954,1,2022-10-25,West,Oralcare,1,189.22,5,Card,0,179.76,1
955,55,2022-02-05,North,Clothing,1,108.31,0,Card,1,108.31,0
956,149,2022-03-25,West,Skincare,1,287.72,0,Card,0,287.72,0
957,137,2023-03-28,East,Skincare,1,103.51,0,COD,0,103.51,0
958,202,2023-01-20,West,Oralcare,3,151.72,0,Card,1,455.16,0
959,117,2022-06-21,South,Skincare,1,83.95,0,Card,0,83.95,0
960,154,2023-01-11,North,Skincare,1,243.11,10,Card,1,218.8,0
961,291,2023-11-16,East,Skincare,1,237.97,10,UPI,0,214.17,0
962,63,2022-12-28,West,Makeup,4,223.86,0,UPI,1,895.44,0
963,244,2023-07-13,East,Skincare,2,166.59,0,Card,0,333.18,1
964,25,2022-05-21,North,Skincare,1,156.22,0,Card,0,156.22,0
965,90,2022-04-28,East,Oralcare,1,287.15,10,Card,0,258.44,0
966,75,2022-10-04,East,Makeup,4,205.96,0,Card,0,823.84,0
967,294,2023-12-27,East,Skincare,3,275.31,0,Card,1,825.93,0
968,210,2022-08-08,East,Oralcare,1,179.18,10,Card,0,161.26,0
969,17,2022-01-26,West,Makeup,1,264.49,0,Card,0,264.49,1
970,128,2023-06-05,East,Skincare,1,354.26,0,Wallet,0,354.26,0
971,251,2022-01-10,North,Electronics,1,296.89,0,Card,0,296.89,0
972,179,2023-01-13,South,Makeup,2,217.01,15,COD,0,368.92,0
973,182,2023-09-25,North,Makeup,4,270.58,15,COD,0,919.97,0
974,152,2023-09-29,South,Haircare,1,230.75,10,Wallet,0,207.68,0
975,25,2023-11-13,South,Skincare,3,250.63,0,Card,0,751.89,0
976,180,2023-08-07,North,Haircare,1,223.95,5,Card,1,212.75,0
977,198,2022-06-01,South,Oralcare,2,236.85,20,Card,0,378.96,0
978,161,2023-12-21,North,Makeup,2,266.97,20,UPI,0,427.15,0
979,177,2022-02-18,East,Haircare,1,170.53,0,Wallet,1,170.53,0
980,285,2022-06-03,West,Haircare,1,168.73,10,UPI,0,151.86,0
981,63,2022-10-20,North,Makeup,2,138.92,0,COD,0,277.84,0
982,150,2023-08-03,West,Haircare,1,121.98,0,Card,0,121.98,0
983,154,2022-02-19,South,Skincare,1,152.62,5,Wallet,0,144.99,0
984,156,2023-10-26,South,Haircare,2,262.76,0,Card,0,525.52,0
985,49,2023-06-15,North,Makeup,4,178.58,15,Card,0,607.17,0
986,84,2023-09-04,South,Haircare,1,291.09,0,Card,0,291.09,0
987,177,2022-03-01,East,Skincare,3,252.78,5,Card,1,720.42,0
988,148,2022-06-16,East,Oralcare,1,92.52,15,UPI,0,78.64,1
989,118,2022-07-21,North,Makeup,3,302.4,15,Card,1,771.12,0
990,63,2022-05-26,North,Skincare,2,314.86,0,Wallet,0,629.72,0
991,189,2023-11-07,South,Haircare,3,170.49,0,Wallet,0,511.47,1
992,49,2023-03-15,South,Oralcare,1,283.62,5,UPI,0,269.44,0
993,257,2022-08-30,North,Haircare,2,181.48,0,Card,1,362.96,0
994,224,2023-08-04,South,Oralcare,2,257.81,20,UPI,0,412.5,0
995,141,2023-11-18,East,Oralcare,1,148.84,15,Wallet,0,126.51,0
996,215,2023-07-15,West,Electronics,1,106.55,0,Card,1,106.55,1
997,211,2023-04-28,South,Skincare,1,219.37,0,Card,0,219.37,0
998,32,2022-04-18,West,Haircare,1,240.1,0,Wallet,1,240.1,0
999,158,2022-08-14,South,Oralcare,3,218.19,15,UPI,0,556.38,0
1000,285,2023-11-04,South,Clothing,1,155.28,0,Wallet,1,155.28,0